AÑO DEL REPORTE DE INFORMACION;PERIODO DE LA INFORMACION REMITIDA;FECHA DE REPORTE DE LA INFORMACIÓN;CODIGO DE LA ENTIDAD (ENT001);PROGRAMA NACIONAL CONTRA LA VIOLENCIA FAMILIAR Y SEXUAL;CODIGO DE LA LINEA DE INTERVENCION (LIN001);NOMBRE DE LA LINEA DE INTERVENCIÓN (ATENCIÓN INTEGRAL Y MULTIDISCIPLINARIA PARA VICTIMAS DE VIOLENCIA);CODIGO DEL SERVICIO (SER001);NOMBRE DEL SERVICIO (CENTRO DE EMERGENCIA MUJER);UBIGEO DE LA UBICACIÓN GEOGRÁFICA DEL CEM  - SEGÚN EL INEI;DEPARTAMENTO DEL CEM;PROVINCIA DEL CEM;DISTRITO DEL CEM;CENTRO POBLADO DEL CEM;ÁREA DE RESIDENCIA DEL CEM;CODIGO DEL CEM;NOMBRE DEL CEM;N° CASOS DE VÍCTIMAS DE ESTERILIZACIONES FORZADAS -TOTAL;N° CASOS DE VÍCTIMAS DE ESTERILIZACIONES FORZADAS - HOMBRES ;N° CASOS DE VÍCTIMAS DE ESTERILIZACIONES FORZADAS - MUJERES;N° CASOS DE VÍCTIMAS DE ESTERILIZACIONES FORZADAS - 18_29 - TOTAL;N° CASOS DE VÍCTIMAS DE ESTERILIZACIONES FORZADAS - 18_29 - HOMBRES;N° CASOS DE VÍCTIMAS DE ESTERILIZACIONES FORZADAS - 18_29 - MUJERES;N° CASOS DE VÍCTIMAS DE ESTERILIZACIONES FORZADAS - 30_59 - TOTAL;N° CASOS DE VÍCTIMAS DE ESTERILIZACIONES FORZADAS - 30_59 - HOMBRES;N° CASOS DE VÍCTIMAS DE ESTERILIZACIONES FORZADAS - 30_59 - MUJERES;N° CASOS DE VÍCTIMAS DE ESTERILIZACIONES FORZADAS - 60_MÁS - TOTAL;N° CASOS DE VÍCTIMAS DE ESTERILIZACIONES FORZADAS - 60_MÁS - HOMBRES;N° CASOS DE VÍCTIMAS DE ESTERILIZACIONES FORZADAS - 60_MÁS - MUJERES;N° DE ACTIVIDADES EN LA ATENCIÓN - TOTAL;;;;;;;;;;;;;;;;;;;;;
2016;ENE - DIC;31/12/2016;ENT001;PROGRAMA NACIONAL CONTRA LA VIOLENCIA FAMILIAR Y SEXUAL;LIN001;ATENCIÓN DE VÍCTIMAS DE ESTERILIZACIONES FORZADAS;SER001;CENTRO EMERGENCIA MUJER;090201;HUANCAVELICA;ACOBAMBA;ACOBAMBA;ACOBAMBA;URBANO;CEM002;ACOBAMBA;79;3;76;0;0;0;74;2;72;5;1;4;448;;;;;;;;;;;;;;;;;;;;;
2016;ENE - DIC;31/12/2016;ENT001;PROGRAMA NACIONAL CONTRA LA VIOLENCIA FAMILIAR Y SEXUAL;LIN001;ATENCIÓN DE VÍCTIMAS DE ESTERILIZACIONES FORZADAS;SER001;CENTRO EMERGENCIA MUJER;090301;HUANCAVELICA;ANGARAES;LIRCAY;LIRCAY;URBANO;CEM135;ANGARAES;9;0;9;0;0;0;9;0;9;0;0;0;52;;;;;;;;;;;;;;;;;;;;;
2016;ENE - DIC;31/12/2016;ENT001;PROGRAMA NACIONAL CONTRA LA VIOLENCIA FAMILIAR Y SEXUAL;LIN001;ATENCIÓN DE VÍCTIMAS DE ESTERILIZACIONES FORZADAS;SER001;CENTRO EMERGENCIA MUJER;080301;CUSCO;ANTA;ANTA;ANTA;URBANO;CEM146;ANTA;412;2;410;0;0;0;384;2;382;28;0;28;2 729;;;;;;;;;;;;;;;;;;;;;
2016;ENE - DIC;31/12/2016;ENT001;PROGRAMA NACIONAL CONTRA LA VIOLENCIA FAMILIAR Y SEXUAL;LIN001;ATENCIÓN DE VÍCTIMAS DE ESTERILIZACIONES FORZADAS;SER001;CENTRO EMERGENCIA MUJER;220201;SAN MARTÍN;BELLAVISTA;BELLAVISTA;BELLAVISTA;URBANO;CEM167;BELLAVISTA - SAN MARTIN;25;1;24;0;0;0;21;0;21;4;1;3;101;;;;;;;;;;;;;;;;;;;;;
2016;ENE - DIC;31/12/2016;ENT001;PROGRAMA NACIONAL CONTRA LA VIOLENCIA FAMILIAR Y SEXUAL;LIN001;ATENCIÓN DE VÍCTIMAS DE ESTERILIZACIONES FORZADAS;SER001;CENTRO EMERGENCIA MUJER;060101;CAJAMARCA;CAJAMARCA;CAJAMARCA;CAJAMARCA;URBANO;CEM009;CAJAMARCA;41;0;41;0;0;0;39;0;39;2;0;2;264;;;;;;;;;;;;;;;;;;;;;
2016;ENE - DIC;31/12/2016;ENT001;PROGRAMA NACIONAL CONTRA LA VIOLENCIA FAMILIAR Y SEXUAL;LIN001;ATENCIÓN DE VÍCTIMAS DE ESTERILIZACIONES FORZADAS;SER001;CENTRO EMERGENCIA MUJER;080401;CUSCO;CALCA;CALCA;CALCA;URBANO;CEM173;CALCA;2;1;1;0;0;0;1;0;1;1;1;0;6;;;;;;;;;;;;;;;;;;;;;
2016;ENE - DIC;31/12/2016;ENT001;PROGRAMA NACIONAL CONTRA LA VIOLENCIA FAMILIAR Y SEXUAL;LIN001;ATENCIÓN DE VÍCTIMAS DE ESTERILIZACIONES FORZADAS;SER001;CENTRO EMERGENCIA MUJER;120107;JUNÍN;HUANCAYO;CHILCA;CHILCA;URBANO;CEM019;CHILCA;29;5;24;0;0;0;28;5;23;1;0;1;159;;;;;;;;;;;;;;;;;;;;;
2016;ENE - DIC;31/12/2016;ENT001;PROGRAMA NACIONAL CONTRA LA VIOLENCIA FAMILIAR Y SEXUAL;LIN001;ATENCIÓN DE VÍCTIMAS DE ESTERILIZACIONES FORZADAS;SER001;CENTRO EMERGENCIA MUJER;060401;CAJAMARCA;CHOTA;CHOTA;CHOTA;URBANO;CEM024;CHOTA;50;0;50;0;0;0;48;0;48;2;0;2;510;;;;;;;;;;;;;;;;;;;;;
2016;ENE - DIC;31/12/2016;ENT001;PROGRAMA NACIONAL CONTRA LA VIOLENCIA FAMILIAR Y SEXUAL;LIN001;ATENCIÓN DE VÍCTIMAS DE ESTERILIZACIONES FORZADAS;SER001;CENTRO EMERGENCIA MUJER;080701;CUSCO;CHUMBIVILCAS;SANTO TOMAS;SANTO TOMAS;URBANO;CEM026;CHUMBIVILCAS;262;3;259;0;0;0;251;2;249;11;1;10;1 672;;;;;;;;;;;;;;;;;;;;;
2016;ENE - DIC;31/12/2016;ENT001;PROGRAMA NACIONAL CONTRA LA VIOLENCIA FAMILIAR Y SEXUAL;LIN001;ATENCIÓN DE VÍCTIMAS DE ESTERILIZACIONES FORZADAS;SER001;CENTRO EMERGENCIA MUJER;120901;JUNÍN;CHUPACA;CHUPACA;CHUPACA;URBANO;CEM117;CHUPACA;1;1;0;0;0;0;0;0;0;1;1;0;4;;;;;;;;;;;;;;;;;;;;;
2016;ENE - DIC;31/12/2016;ENT001;PROGRAMA NACIONAL CONTRA LA VIOLENCIA FAMILIAR Y SEXUAL;LIN001;ATENCIÓN DE VÍCTIMAS DE ESTERILIZACIONES FORZADAS;SER001;CENTRO EMERGENCIA MUJER;080108;CUSCO;CUSCO;WANCHAQ;WANCHAQ;URBANO;CEM031;CUSCO;286;4;282;0;0;0;271;3;268;15;1;14;938;;;;;;;;;;;;;;;;;;;;;
2016;ENE - DIC;31/12/2016;ENT001;PROGRAMA NACIONAL CONTRA LA VIOLENCIA FAMILIAR Y SEXUAL;LIN001;ATENCIÓN DE VÍCTIMAS DE ESTERILIZACIONES FORZADAS;SER001;CENTRO EMERGENCIA MUJER;100301;HUÁNUCO;DOS DE MAYO;LA UNION;LA UNION;URBANO;CEM157;DOS DE MAYO;159;15;144;0;0;0;150;14;136;9;1;8;771;;;;;;;;;;;;;;;;;;;;;
2016;ENE - DIC;31/12/2016;ENT001;PROGRAMA NACIONAL CONTRA LA VIOLENCIA FAMILIAR Y SEXUAL;LIN001;ATENCIÓN DE VÍCTIMAS DE ESTERILIZACIONES FORZADAS;SER001;CENTRO EMERGENCIA MUJER;220301;SAN MARTÍN;EL DORADO;SAN JOSE DE SISA;SAN JOSE DE SISA;URBANO;CEM190;EL DORADO;69;0;69;0;0;0;63;0;63;6;0;6;290;;;;;;;;;;;;;;;;;;;;;
2016;ENE - DIC;31/12/2016;ENT001;PROGRAMA NACIONAL CONTRA LA VIOLENCIA FAMILIAR Y SEXUAL;LIN001;ATENCIÓN DE VÍCTIMAS DE ESTERILIZACIONES FORZADAS;SER001;CENTRO EMERGENCIA MUJER;180201;MOQUEGUA;GENERAL SANCHEZ CERRO;OMATE;OMATE;URBANO;CEM187;GENERAL SANCHEZ CERRO;10;0;10;0;0;0;9;0;9;1;0;1;73;;;;;;;;;;;;;;;;;;;;;
2016;ENE - DIC;31/12/2016;ENT001;PROGRAMA NACIONAL CONTRA LA VIOLENCIA FAMILIAR Y SEXUAL;LIN001;ATENCIÓN DE VÍCTIMAS DE ESTERILIZACIONES FORZADAS;SER001;CENTRO EMERGENCIA MUJER;060701;CAJAMARCA;HUALGAYOC;BAMBAMARCA;BAMBAMARCA;URBANO;CEM138;HUALGAYOC;8;0;8;0;0;0;7;0;7;1;0;1;28;;;;;;;;;;;;;;;;;;;;;
2016;ENE - DIC;31/12/2016;ENT001;PROGRAMA NACIONAL CONTRA LA VIOLENCIA FAMILIAR Y SEXUAL;LIN001;ATENCIÓN DE VÍCTIMAS DE ESTERILIZACIONES FORZADAS;SER001;CENTRO EMERGENCIA MUJER;050101;AYACUCHO;HUAMANGA;AYACUCHO;AYACUCHO;URBANO;CEM007;HUAMANGA;189;2;187;0;0;0;177;2;175;12;0;12;561;;;;;;;;;;;;;;;;;;;;;
2016;ENE - DIC;31/12/2016;ENT001;PROGRAMA NACIONAL CONTRA LA VIOLENCIA FAMILIAR Y SEXUAL;LIN001;ATENCIÓN DE VÍCTIMAS DE ESTERILIZACIONES FORZADAS;SER001;CENTRO EMERGENCIA MUJER;200301;PIURA;HUANCABAMBA;HUANCABAMBA;HUANCABAMBA;URBANO;CEM133;HUANCABAMBA;167;1;166;0;0;0;156;0;156;11;1;10;1 373;;;;;;;;;;;;;;;;;;;;;
2016;ENE - DIC;31/12/2016;ENT001;PROGRAMA NACIONAL CONTRA LA VIOLENCIA FAMILIAR Y SEXUAL;LIN001;ATENCIÓN DE VÍCTIMAS DE ESTERILIZACIONES FORZADAS;SER001;CENTRO EMERGENCIA MUJER;050301;AYACUCHO;HUANCASANCOS;SANCOS;HUANCA SANCOS;URBANO;CEM037;HUANCASANCOS;2;0;2;0;0;0;2;0;2;0;0;0;20;;;;;;;;;;;;;;;;;;;;;
2016;ENE - DIC;31/12/2016;ENT001;PROGRAMA NACIONAL CONTRA LA VIOLENCIA FAMILIAR Y SEXUAL;LIN001;ATENCIÓN DE VÍCTIMAS DE ESTERILIZACIONES FORZADAS;SER001;CENTRO EMERGENCIA MUJER;090101;HUANCAVELICA;HUANCAVELICA;HUANCAVELICA;HUANCAVELICA;URBANO;CEM038;HUANCAVELICA;99;2;97;0;0;0;94;2;92;5;0;5;622;;;;;;;;;;;;;;;;;;;;;
2016;ENE - DIC;31/12/2016;ENT001;PROGRAMA NACIONAL CONTRA LA VIOLENCIA FAMILIAR Y SEXUAL;LIN001;ATENCIÓN DE VÍCTIMAS DE ESTERILIZACIONES FORZADAS;SER001;CENTRO EMERGENCIA MUJER;050401;AYACUCHO;HUANTA;HUANTA;HUANTA;URBANO;CEM040;HUANTA;32;0;32;0;0;0;31;0;31;1;0;1;310;;;;;;;;;;;;;;;;;;;;;
2016;ENE - DIC;31/12/2016;ENT001;PROGRAMA NACIONAL CONTRA LA VIOLENCIA FAMILIAR Y SEXUAL;LIN001;ATENCIÓN DE VÍCTIMAS DE ESTERILIZACIONES FORZADAS;SER001;CENTRO EMERGENCIA MUJER;100102;HUÁNUCO;HUÁNUCO;AMARILIS;PAUCARBAMBA;URBANO;CEM041;HUANUCO;8;0;8;0;0;0;8;0;8;0;0;0;45;;;;;;;;;;;;;;;;;;;;;
2016;ENE - DIC;31/12/2016;ENT001;PROGRAMA NACIONAL CONTRA LA VIOLENCIA FAMILIAR Y SEXUAL;LIN001;ATENCIÓN DE VÍCTIMAS DE ESTERILIZACIONES FORZADAS;SER001;CENTRO EMERGENCIA MUJER;130105;LA LIBERTAD;TRUJILLO;LA ESPERANZA;LA ESPERANZA;URBANO;CEM056;LA ESPERANZA;2;0;2;0;0;0;2;0;2;0;0;0;2;;;;;;;;;;;;;;;;;;;;;
2016;ENE - DIC;31/12/2016;ENT001;PROGRAMA NACIONAL CONTRA LA VIOLENCIA FAMILIAR Y SEXUAL;LIN001;ATENCIÓN DE VÍCTIMAS DE ESTERILIZACIONES FORZADAS;SER001;CENTRO EMERGENCIA MUJER;050501;AYACUCHO;LA MAR;SAN MIGUEL;SAN MIGUEL;URBANO;CEM057;LA MAR;1;0;1;0;0;0;1;0;1;0;0;0;10;;;;;;;;;;;;;;;;;;;;;
2016;ENE - DIC;31/12/2016;ENT001;PROGRAMA NACIONAL CONTRA LA VIOLENCIA FAMILIAR Y SEXUAL;LIN001;ATENCIÓN DE VÍCTIMAS DE ESTERILIZACIONES FORZADAS;SER001;CENTRO EMERGENCIA MUJER;150101;LIMA METROPOLITANA;LIMA;LIMA;LIMA;URBANO;CEM060;LIMA;23;1;22;0;0;0;21;1;20;2;0;2;197;;;;;;;;;;;;;;;;;;;;;
2016;ENE - DIC;31/12/2016;ENT001;PROGRAMA NACIONAL CONTRA LA VIOLENCIA FAMILIAR Y SEXUAL;LIN001;ATENCIÓN DE VÍCTIMAS DE ESTERILIZACIONES FORZADAS;SER001;CENTRO EMERGENCIA MUJER;180101;MOQUEGUA;MARISCAL NIETO;MOQUEGUA;MOQUEGUA;URBANO;CEM067;MOQUEGUA;23;1;22;0;0;0;23;1;22;0;0;0;101;;;;;;;;;;;;;;;;;;;;;
2016;ENE - DIC;31/12/2016;ENT001;PROGRAMA NACIONAL CONTRA LA VIOLENCIA FAMILIAR Y SEXUAL;LIN001;ATENCIÓN DE VÍCTIMAS DE ESTERILIZACIONES FORZADAS;SER001;CENTRO EMERGENCIA MUJER;220101;SAN MARTÍN;MOYOBAMBA;MOYOBAMBA;MOYOBAMBA;URBANO;CEM068;MOYOBAMBA;11;0;11;0;0;0;11;0;11;0;0;0;22;;;;;;;;;;;;;;;;;;;;;
2016;ENE - DIC;31/12/2016;ENT001;PROGRAMA NACIONAL CONTRA LA VIOLENCIA FAMILIAR Y SEXUAL;LIN001;ATENCIÓN DE VÍCTIMAS DE ESTERILIZACIONES FORZADAS;SER001;CENTRO EMERGENCIA MUJER;130601;LA LIBERTAD;OTUZCO;OTUZCO;OTUZCO;URBANO;CEM072;OTUZCO;64;0;64;0;0;0;61;0;61;3;0;3;172;;;;;;;;;;;;;;;;;;;;;
2016;ENE - DIC;31/12/2016;ENT001;PROGRAMA NACIONAL CONTRA LA VIOLENCIA FAMILIAR Y SEXUAL;LIN001;ATENCIÓN DE VÍCTIMAS DE ESTERILIZACIONES FORZADAS;SER001;CENTRO EMERGENCIA MUJER;081001;CUSCO;PARURO;PARURO;PARURO;URBANO;CEM230;PARURO;5;0;5;0;0;0;5;0;5;0;0;0;46;;;;;;;;;;;;;;;;;;;;;
2016;ENE - DIC;31/12/2016;ENT001;PROGRAMA NACIONAL CONTRA LA VIOLENCIA FAMILIAR Y SEXUAL;LIN001;ATENCIÓN DE VÍCTIMAS DE ESTERILIZACIONES FORZADAS;SER001;CENTRO EMERGENCIA MUJER;081101;CUSCO;PAUCARTAMBO;PAUCARTAMBO;PAUCARTAMBO;URBANO;CEM181;PAUCARTAMBO;97;20;77;0;0;0;89;17;72;8;3;5;851;;;;;;;;;;;;;;;;;;;;;
2016;ENE - DIC;31/12/2016;ENT001;PROGRAMA NACIONAL CONTRA LA VIOLENCIA FAMILIAR Y SEXUAL;LIN001;ATENCIÓN DE VÍCTIMAS DE ESTERILIZACIONES FORZADAS;SER001;CENTRO EMERGENCIA MUJER;220701;SAN MARTÍN;PICOTA;PICOTA;PICOTA;URBANO;CEM182;PICOTA;159;5;154;0;0;0;133;2;131;26;3;23;530;;;;;;;;;;;;;;;;;;;;;
2016;ENE - DIC;31/12/2016;ENT001;PROGRAMA NACIONAL CONTRA LA VIOLENCIA FAMILIAR Y SEXUAL;LIN001;ATENCIÓN DE VÍCTIMAS DE ESTERILIZACIONES FORZADAS;SER001;CENTRO EMERGENCIA MUJER;200104;PIURA;PIURA;CASTILLA;CASTILLA;URBANO;CEM082;PIURA;14;0;14;0;0;0;14;0;14;0;0;0;161;;;;;;;;;;;;;;;;;;;;;
2016;ENE - DIC;31/12/2016;ENT001;PROGRAMA NACIONAL CONTRA LA VIOLENCIA FAMILIAR Y SEXUAL;LIN001;ATENCIÓN DE VÍCTIMAS DE ESTERILIZACIONES FORZADAS;SER001;CENTRO EMERGENCIA MUJER;081201;CUSCO;QUISPICANCHI;URCOS;URCOS;URBANO;CEM127;QUISPICANCHI;91;11;80;0;0;0;87;9;78;4;2;2;786;;;;;;;;;;;;;;;;;;;;;
2016;ENE - DIC;31/12/2016;ENT001;PROGRAMA NACIONAL CONTRA LA VIOLENCIA FAMILIAR Y SEXUAL;LIN001;ATENCIÓN DE VÍCTIMAS DE ESTERILIZACIONES FORZADAS;SER001;CENTRO EMERGENCIA MUJER;220801;SAN MARTÍN;RIOJA;RIOJA;RIOJA;URBANO;CEM086;RIOJA;75;0;75;0;0;0;74;0;74;1;0;1;521;;;;;;;;;;;;;;;;;;;;;
2016;ENE - DIC;31/12/2016;ENT001;PROGRAMA NACIONAL CONTRA LA VIOLENCIA FAMILIAR Y SEXUAL;LIN001;ATENCIÓN DE VÍCTIMAS DE ESTERILIZACIONES FORZADAS;SER001;CENTRO EMERGENCIA MUJER;150132;LIMA METROPOLITANA;LIMA;SAN JUAN DE LURIGANCHO;SAN JUAN DE LURIGANCHO;URBANO;CEM088;SAN JUAN DE LURIGANCHO;28;0;28;0;0;0;24;0;24;4;0;4;65;;;;;;;;;;;;;;;;;;;;;
2016;ENE - DIC;31/12/2016;ENT001;PROGRAMA NACIONAL CONTRA LA VIOLENCIA FAMILIAR Y SEXUAL;LIN001;ATENCIÓN DE VÍCTIMAS DE ESTERILIZACIONES FORZADAS;SER001;CENTRO EMERGENCIA MUJER;150133;LIMA METROPOLITANA;LIMA;SAN JUAN DE MIRAFLORES;CIUDAD DE DIOS;URBANO;CEM076;SAN JUAN DE MIRAFLORES;10;3;7;0;0;0;10;3;7;0;0;0;113;;;;;;;;;;;;;;;;;;;;;
2016;ENE - DIC;31/12/2016;ENT001;PROGRAMA NACIONAL CONTRA LA VIOLENCIA FAMILIAR Y SEXUAL;LIN001;ATENCIÓN DE VÍCTIMAS DE ESTERILIZACIONES FORZADAS;SER001;CENTRO EMERGENCIA MUJER;061001;CAJAMARCA;SAN MARCOS;PEDRO GALVEZ;SAN MARCOS;URBANO;CEM192;SAN MARCOS;6;0;6;0;0;0;6;0;6;0;0;0;29;;;;;;;;;;;;;;;;;;;;;
2016;ENE - DIC;31/12/2016;ENT001;PROGRAMA NACIONAL CONTRA LA VIOLENCIA FAMILIAR Y SEXUAL;LIN001;ATENCIÓN DE VÍCTIMAS DE ESTERILIZACIONES FORZADAS;SER001;CENTRO EMERGENCIA MUJER;061101;CAJAMARCA;SAN MIGUEL;SAN MIGUEL;SAN MIGUEL DE PALLAQUES;URBANO;CEM191;SAN MIGUEL;4;0;4;0;0;0;4;0;4;0;0;0;32;;;;;;;;;;;;;;;;;;;;;
2016;ENE - DIC;31/12/2016;ENT001;PROGRAMA NACIONAL CONTRA LA VIOLENCIA FAMILIAR Y SEXUAL;LIN001;ATENCIÓN DE VÍCTIMAS DE ESTERILIZACIONES FORZADAS;SER001;CENTRO EMERGENCIA MUJER;080105;CUSCO;CUSCO;SAN SEBASTIAN;SAN SEBASTIAN;URBANO;CEM237;SAN SEBASTIAN;17;0;17;0;0;0;16;0;16;1;0;1;65;;;;;;;;;;;;;;;;;;;;;
2016;ENE - DIC;31/12/2016;ENT001;PROGRAMA NACIONAL CONTRA LA VIOLENCIA FAMILIAR Y SEXUAL;LIN001;ATENCIÓN DE VÍCTIMAS DE ESTERILIZACIONES FORZADAS;SER001;CENTRO EMERGENCIA MUJER;131001;LA LIBERTAD;SANTIAGO DE CHUCO;SANTIAGO DE CHUCO;SANTIAGO DE CHUCO;URBANO;CEM090;SANTIAGO DE CHUCO;37;1;36;0;0;0;35;1;34;2;0;2;143;;;;;;;;;;;;;;;;;;;;;
2016;ENE - DIC;31/12/2016;ENT001;PROGRAMA NACIONAL CONTRA LA VIOLENCIA FAMILIAR Y SEXUAL;LIN001;ATENCIÓN DE VÍCTIMAS DE ESTERILIZACIONES FORZADAS;SER001;CENTRO EMERGENCIA MUJER;120601;JUNÍN;SATIPO;SATIPO;SATIPO;URBANO;CEM091;SATIPO;102;6;96;0;0;0;98;6;92;4;0;4;210;;;;;;;;;;;;;;;;;;;;;
2016;ENE - DIC;31/12/2016;ENT001;PROGRAMA NACIONAL CONTRA LA VIOLENCIA FAMILIAR Y SEXUAL;LIN001;ATENCIÓN DE VÍCTIMAS DE ESTERILIZACIONES FORZADAS;SER001;CENTRO EMERGENCIA MUJER;080601;CUSCO;CANCHIS;SICUANI;SICUANI;URBANO;CEM093;SICUANI;103;0;103;0;0;0;98;0;98;5;0;5;647;;;;;;;;;;;;;;;;;;;;;
2016;ENE - DIC;31/12/2016;ENT001;PROGRAMA NACIONAL CONTRA LA VIOLENCIA FAMILIAR Y SEXUAL;LIN001;ATENCIÓN DE VÍCTIMAS DE ESTERILIZACIONES FORZADAS;SER001;CENTRO EMERGENCIA MUJER;050901;AYACUCHO;SUCRE;QUEROBAMBA;QUEROBAMBA;URBANO;CEM094;SUCRE;3;0;3;0;0;0;3;0;3;0;0;0;23;;;;;;;;;;;;;;;;;;;;;
2016;ENE - DIC;31/12/2016;ENT001;PROGRAMA NACIONAL CONTRA LA VIOLENCIA FAMILIAR Y SEXUAL;LIN001;ATENCIÓN DE VÍCTIMAS DE ESTERILIZACIONES FORZADAS;SER001;CENTRO EMERGENCIA MUJER;220901;SAN MARTÍN;SAN MARTÍN;TARAPOTO;TARAPOTO;URBANO;CEM099;TARAPOTO;341;4;337;0;0;0;323;3;320;18;1;17;1 646;;;;;;;;;;;;;;;;;;;;;
2016;ENE - DIC;31/12/2016;ENT001;PROGRAMA NACIONAL CONTRA LA VIOLENCIA FAMILIAR Y SEXUAL;LIN001;ATENCIÓN DE VÍCTIMAS DE ESTERILIZACIONES FORZADAS;SER001;CENTRO EMERGENCIA MUJER;120701;JUNÍN;TARMA;TARMA;TARMA;URBANO;CEM100;TARMA;89;5;84;0;0;0;85;3;82;4;2;2;178;;;;;;;;;;;;;;;;;;;;;
2016;ENE - DIC;31/12/2016;ENT001;PROGRAMA NACIONAL CONTRA LA VIOLENCIA FAMILIAR Y SEXUAL;LIN001;ATENCIÓN DE VÍCTIMAS DE ESTERILIZACIONES FORZADAS;SER001;CENTRO EMERGENCIA MUJER;090701;HUANCAVELICA;TAYACAJA;PAMPAS;PAMPAS;URBANO;CEM101;TAYACAJA;42;1;41;0;0;0;42;1;41;0;0;0;253;;;;;;;;;;;;;;;;;;;;;
2016;ENE - DIC;31/12/2016;ENT001;PROGRAMA NACIONAL CONTRA LA VIOLENCIA FAMILIAR Y SEXUAL;LIN001;ATENCIÓN DE VÍCTIMAS DE ESTERILIZACIONES FORZADAS;SER001;CENTRO EMERGENCIA MUJER;100601;HUÁNUCO;LEONCIO PRADO;RUPA-RUPA;TINGO MARIA;URBANO;CEM102;TINGO MARIA;147;3;144;0;0;0;140;3;137;7;0;7;383;;;;;;;;;;;;;;;;;;;;;
2016;ENE - DIC;31/12/2016;ENT001;PROGRAMA NACIONAL CONTRA LA VIOLENCIA FAMILIAR Y SEXUAL;LIN001;ATENCIÓN DE VÍCTIMAS DE ESTERILIZACIONES FORZADAS;SER001;CENTRO EMERGENCIA MUJER;081301;CUSCO;URUBAMBA;URUBAMBA;URUBAMBA;URBANO;CEM153;URUBAMBA;18;0;18;0;0;0;18;0;18;0;0;0;77;;;;;;;;;;;;;;;;;;;;;
2016;ENE - DIC;31/12/2016;ENT001;PROGRAMA NACIONAL CONTRA LA VIOLENCIA FAMILIAR Y SEXUAL;LIN001;ATENCIÓN DE VÍCTIMAS DE ESTERILIZACIONES FORZADAS;SER001;CENTRO EMERGENCIA MUJER;051101;AYACUCHO;VILCAS HUAMAN;VILCAS HUAMAN;VILCAS HUAMAN;URBANO;CEM108;VILCASHUAMAN;117;5;112;0;0;0;108;2;106;9;3;6;293;;;;;;;;;;;;;;;;;;;;;
2016;ENE - DIC;31/12/2016;ENT001;PROGRAMA NACIONAL CONTRA LA VIOLENCIA FAMILIAR Y SEXUAL;LIN001;ATENCIÓN DE VÍCTIMAS DE ESTERILIZACIONES FORZADAS;SER001;CENTRO EMERGENCIA MUJER;150132;LIMA METROPOLITANA;LIMA;SAN JUAN DE LURIGANCHO;SAN JUAN DE LURIGANCHO;URBANO;CEM236;ZARATE;12;0;12;0;0;0;12;0;12;0;0;0;29;;;;;;;;;;;;;;;;;;;;;
2017;ENE - DIC;31/12/2017;ENT001;PROGRAMA NACIONAL CONTRA LA VIOLENCIA FAMILIAR Y SEXUAL;LIN001;ATENCIÓN DE VÍCTIMAS DE ESTERILIZACIONES FORZADAS;SER001;CENTRO EMERGENCIA MUJER;030101;APURÍMAC;ABANCAY;ABANCAY;ABANCAY;URBANO;CEM001;ABANCAY;157;6;151;0;0;0;146;5;141;11;1;10;628;;;;;;;;;;;;;;;;;;;;;
2017;ENE - DIC;31/12/2017;ENT001;PROGRAMA NACIONAL CONTRA LA VIOLENCIA FAMILIAR Y SEXUAL;LIN001;ATENCIÓN DE VÍCTIMAS DE ESTERILIZACIONES FORZADAS;SER001;CENTRO EMERGENCIA MUJER;090201;HUANCAVELICA;ACOBAMBA;ACOBAMBA;ACOBAMBA;URBANO;CEM002;ACOBAMBA;34;2;32;0;0;0;34;2;32;0;0;0;724;;;;;;;;;;;;;;;;;;;;;
2017;ENE - DIC;31/12/2017;ENT001;PROGRAMA NACIONAL CONTRA LA VIOLENCIA FAMILIAR Y SEXUAL;LIN001;ATENCIÓN DE VÍCTIMAS DE ESTERILIZACIONES FORZADAS;SER001;CENTRO EMERGENCIA MUJER;090301;HUANCAVELICA;ANGARAES;LIRCAY;LIRCAY;URBANO;CEM135;ANGARAES;4;0;4;0;0;0;4;0;4;0;0;0;34;;;;;;;;;;;;;;;;;;;;;
2017;ENE - DIC;31/12/2017;ENT001;PROGRAMA NACIONAL CONTRA LA VIOLENCIA FAMILIAR Y SEXUAL;LIN001;ATENCIÓN DE VÍCTIMAS DE ESTERILIZACIONES FORZADAS;SER001;CENTRO EMERGENCIA MUJER;080301;CUSCO;ANTA;ANTA;ANTA;URBANO;CEM146;ANTA;49;0;49;0;0;0;44;0;44;5;0;5;1 598;;;;;;;;;;;;;;;;;;;;;
2017;ENE - DIC;31/12/2017;ENT001;PROGRAMA NACIONAL CONTRA LA VIOLENCIA FAMILIAR Y SEXUAL;LIN001;ATENCIÓN DE VÍCTIMAS DE ESTERILIZACIONES FORZADAS;SER001;CENTRO EMERGENCIA MUJER;220201;SAN MARTÍN;BELLAVISTA;BELLAVISTA;BELLAVISTA;URBANO;CEM167;BELLAVISTA - SAN MARTIN;127;5;122;0;0;0;115;3;112;12;2;10;531;;;;;;;;;;;;;;;;;;;;;
2017;ENE - DIC;31/12/2017;ENT001;PROGRAMA NACIONAL CONTRA LA VIOLENCIA FAMILIAR Y SEXUAL;LIN001;ATENCIÓN DE VÍCTIMAS DE ESTERILIZACIONES FORZADAS;SER001;CENTRO EMERGENCIA MUJER;060101;CAJAMARCA;CAJAMARCA;CAJAMARCA;CAJAMARCA;URBANO;CEM009;CAJAMARCA;51;1;50;0;0;0;48;1;47;3;0;3;505;;;;;;;;;;;;;;;;;;;;;
2017;ENE - DIC;31/12/2017;ENT001;PROGRAMA NACIONAL CONTRA LA VIOLENCIA FAMILIAR Y SEXUAL;LIN001;ATENCIÓN DE VÍCTIMAS DE ESTERILIZACIONES FORZADAS;SER001;CENTRO EMERGENCIA MUJER;090401;HUANCAVELICA;CASTROVIRREYNA;CASTROVIRREYNA;CASTROVIRREYNA;URBANO;CEM177;CASTROVIRREYNA;4;0;4;0;0;0;4;0;4;0;0;0;27;;;;;;;;;;;;;;;;;;;;;
2017;ENE - DIC;31/12/2017;ENT001;PROGRAMA NACIONAL CONTRA LA VIOLENCIA FAMILIAR Y SEXUAL;LIN001;ATENCIÓN DE VÍCTIMAS DE ESTERILIZACIONES FORZADAS;SER001;CENTRO EMERGENCIA MUJER;120107;JUNÍN;HUANCAYO;CHILCA;CHILCA;URBANO;CEM019;CHILCA;57;1;56;0;0;0;56;1;55;1;0;1;1 022;;;;;;;;;;;;;;;;;;;;;
2017;ENE - DIC;31/12/2017;ENT001;PROGRAMA NACIONAL CONTRA LA VIOLENCIA FAMILIAR Y SEXUAL;LIN001;ATENCIÓN DE VÍCTIMAS DE ESTERILIZACIONES FORZADAS;SER001;CENTRO EMERGENCIA MUJER;060401;CAJAMARCA;CHOTA;CHOTA;CHOTA;URBANO;CEM024;CHOTA;45;0;45;0;0;0;45;0;45;0;0;0;1 275;;;;;;;;;;;;;;;;;;;;;
2017;ENE - DIC;31/12/2017;ENT001;PROGRAMA NACIONAL CONTRA LA VIOLENCIA FAMILIAR Y SEXUAL;LIN001;ATENCIÓN DE VÍCTIMAS DE ESTERILIZACIONES FORZADAS;SER001;CENTRO EMERGENCIA MUJER;080701;CUSCO;CHUMBIVILCAS;SANTO TOMAS;SANTO TOMAS;URBANO;CEM026;CHUMBIVILCAS;24;2;22;0;0;0;24;2;22;0;0;0;1 302;;;;;;;;;;;;;;;;;;;;;
2017;ENE - DIC;31/12/2017;ENT001;PROGRAMA NACIONAL CONTRA LA VIOLENCIA FAMILIAR Y SEXUAL;LIN001;ATENCIÓN DE VÍCTIMAS DE ESTERILIZACIONES FORZADAS;SER001;CENTRO EMERGENCIA MUJER;120901;JUNÍN;CHUPACA;CHUPACA;CHUPACA;URBANO;CEM117;CHUPACA;12;1;11;0;0;0;12;1;11;0;0;0;283;;;;;;;;;;;;;;;;;;;;;
2017;ENE - DIC;31/12/2017;ENT001;PROGRAMA NACIONAL CONTRA LA VIOLENCIA FAMILIAR Y SEXUAL;LIN001;ATENCIÓN DE VÍCTIMAS DE ESTERILIZACIONES FORZADAS;SER001;CENTRO EMERGENCIA MUJER;090501;HUANCAVELICA;CHURCAMPA;CHURCAMPA;CHURCAMPA;URBANO;CEM028;CHURCAMPA;38;2;36;0;0;0;36;2;34;2;0;2;307;;;;;;;;;;;;;;;;;;;;;
2017;ENE - DIC;31/12/2017;ENT001;PROGRAMA NACIONAL CONTRA LA VIOLENCIA FAMILIAR Y SEXUAL;LIN001;ATENCIÓN DE VÍCTIMAS DE ESTERILIZACIONES FORZADAS;SER001;CENTRO EMERGENCIA MUJER;120201;JUNÍN;CONCEPCIÓN;CONCEPCIÓN;CONCEPCIÓN;URBANO;CEM030;CONCEPCION;2;2;0;0;0;0;2;2;0;0;0;0;19;;;;;;;;;;;;;;;;;;;;;
2017;ENE - DIC;31/12/2017;ENT001;PROGRAMA NACIONAL CONTRA LA VIOLENCIA FAMILIAR Y SEXUAL;LIN001;ATENCIÓN DE VÍCTIMAS DE ESTERILIZACIONES FORZADAS;SER001;CENTRO EMERGENCIA MUJER;100301;HUÁNUCO;DOS DE MAYO;LA UNION;LA UNION;URBANO;CEM157;DOS DE MAYO;29;1;28;0;0;0;26;1;25;3;0;3;1 331;;;;;;;;;;;;;;;;;;;;;
2017;ENE - DIC;31/12/2017;ENT001;PROGRAMA NACIONAL CONTRA LA VIOLENCIA FAMILIAR Y SEXUAL;LIN001;ATENCIÓN DE VÍCTIMAS DE ESTERILIZACIONES FORZADAS;SER001;CENTRO EMERGENCIA MUJER;220301;SAN MARTÍN;EL DORADO;SAN JOSE DE SISA;SAN JOSE DE SISA;URBANO;CEM190;EL DORADO;85;0;85;0;0;0;80;0;80;5;0;5;712;;;;;;;;;;;;;;;;;;;;;
2017;ENE - DIC;31/12/2017;ENT001;PROGRAMA NACIONAL CONTRA LA VIOLENCIA FAMILIAR Y SEXUAL;LIN001;ATENCIÓN DE VÍCTIMAS DE ESTERILIZACIONES FORZADAS;SER001;CENTRO EMERGENCIA MUJER;180201;MOQUEGUA;GENERAL SANCHEZ CERRO;OMATE;OMATE;URBANO;CEM187;GENERAL SANCHEZ CERRO;0;0;0;0;0;0;0;0;;0;0;0;301;;;;;;;;;;;;;;;;;;;;;
2017;ENE - DIC;31/12/2017;ENT001;PROGRAMA NACIONAL CONTRA LA VIOLENCIA FAMILIAR Y SEXUAL;LIN001;ATENCIÓN DE VÍCTIMAS DE ESTERILIZACIONES FORZADAS;SER001;CENTRO EMERGENCIA MUJER;060701;CAJAMARCA;HUALGAYOC;BAMBAMARCA;BAMBAMARCA;URBANO;CEM138;HUALGAYOC;3;0;3;0;0;0;3;0;3;0;0;0;15;;;;;;;;;;;;;;;;;;;;;
2017;ENE - DIC;31/12/2017;ENT001;PROGRAMA NACIONAL CONTRA LA VIOLENCIA FAMILIAR Y SEXUAL;LIN001;ATENCIÓN DE VÍCTIMAS DE ESTERILIZACIONES FORZADAS;SER001;CENTRO EMERGENCIA MUJER;220401;SAN MARTÍN;HUALLAGA;SAPOSOA;SAPOSOA;URBANO;CEM202;HUALLAGA;4;0;4;0;0;0;4;0;4;0;0;0;15;;;;;;;;;;;;;;;;;;;;;
2017;ENE - DIC;31/12/2017;ENT001;PROGRAMA NACIONAL CONTRA LA VIOLENCIA FAMILIAR Y SEXUAL;LIN001;ATENCIÓN DE VÍCTIMAS DE ESTERILIZACIONES FORZADAS;SER001;CENTRO EMERGENCIA MUJER;130901;LA LIBERTAD;SANCHEZ CARRION;HUAMACHUCO;HUAMACHUCO;URBANO;CEM036;HUAMACHUCO;1;0;1;0;0;0;1;0;1;0;0;0;12;;;;;;;;;;;;;;;;;;;;;
2017;ENE - DIC;31/12/2017;ENT001;PROGRAMA NACIONAL CONTRA LA VIOLENCIA FAMILIAR Y SEXUAL;LIN001;ATENCIÓN DE VÍCTIMAS DE ESTERILIZACIONES FORZADAS;SER001;CENTRO EMERGENCIA MUJER;050101;AYACUCHO;HUAMANGA;AYACUCHO;AYACUCHO;URBANO;CEM007;HUAMANGA;150;0;150;0;0;0;143;0;143;7;0;7;2 261;;;;;;;;;;;;;;;;;;;;;
2017;ENE - DIC;31/12/2017;ENT001;PROGRAMA NACIONAL CONTRA LA VIOLENCIA FAMILIAR Y SEXUAL;LIN001;ATENCIÓN DE VÍCTIMAS DE ESTERILIZACIONES FORZADAS;SER001;CENTRO EMERGENCIA MUJER;200301;PIURA;HUANCABAMBA;HUANCABAMBA;HUANCABAMBA;URBANO;CEM133;HUANCABAMBA;22;0;22;0;0;0;21;0;21;1;0;1;377;;;;;;;;;;;;;;;;;;;;;
2017;ENE - DIC;31/12/2017;ENT001;PROGRAMA NACIONAL CONTRA LA VIOLENCIA FAMILIAR Y SEXUAL;LIN001;ATENCIÓN DE VÍCTIMAS DE ESTERILIZACIONES FORZADAS;SER001;CENTRO EMERGENCIA MUJER;090101;HUANCAVELICA;HUANCAVELICA;HUANCAVELICA;HUANCAVELICA;URBANO;CEM038;HUANCAVELICA;55;1;54;0;0;0;52;1;51;3;0;3;963;;;;;;;;;;;;;;;;;;;;;
2017;ENE - DIC;31/12/2017;ENT001;PROGRAMA NACIONAL CONTRA LA VIOLENCIA FAMILIAR Y SEXUAL;LIN001;ATENCIÓN DE VÍCTIMAS DE ESTERILIZACIONES FORZADAS;SER001;CENTRO EMERGENCIA MUJER;050401;AYACUCHO;HUANTA;HUANTA;HUANTA;URBANO;CEM040;HUANTA;50;1;49;0;0;0;46;1;45;4;0;4;4 003;;;;;;;;;;;;;;;;;;;;;
2017;ENE - DIC;31/12/2017;ENT001;PROGRAMA NACIONAL CONTRA LA VIOLENCIA FAMILIAR Y SEXUAL;LIN001;ATENCIÓN DE VÍCTIMAS DE ESTERILIZACIONES FORZADAS;SER001;CENTRO EMERGENCIA MUJER;100102;HUÁNUCO;HUÁNUCO;AMARILIS;PAUCARBAMBA;URBANO;CEM041;HUANUCO;112;1;111;0;0;0;107;1;106;5;0;5;1 103;;;;;;;;;;;;;;;;;;;;;
2017;ENE - DIC;31/12/2017;ENT001;PROGRAMA NACIONAL CONTRA LA VIOLENCIA FAMILIAR Y SEXUAL;LIN001;ATENCIÓN DE VÍCTIMAS DE ESTERILIZACIONES FORZADAS;SER001;CENTRO EMERGENCIA MUJER;020101;ÁNCASH;HUARAZ;HUARAZ;HUARAZ;URBANO;CEM042;HUARAZ;3;0;3;0;0;0;3;0;3;0;0;0;31;;;;;;;;;;;;;;;;;;;;;
2017;ENE - DIC;31/12/2017;ENT001;PROGRAMA NACIONAL CONTRA LA VIOLENCIA FAMILIAR Y SEXUAL;LIN001;ATENCIÓN DE VÍCTIMAS DE ESTERILIZACIONES FORZADAS;SER001;CENTRO EMERGENCIA MUJER;150112;LIMA METROPOLITANA;LIMA;INDEPENDENCIA;INDEPENDENCIA;URBANO;CEM050;INDEPENDENCIA;9;0;9;0;0;0;9;0;9;0;0;0;107;;;;;;;;;;;;;;;;;;;;;
2017;ENE - DIC;31/12/2017;ENT001;PROGRAMA NACIONAL CONTRA LA VIOLENCIA FAMILIAR Y SEXUAL;LIN001;ATENCIÓN DE VÍCTIMAS DE ESTERILIZACIONES FORZADAS;SER001;CENTRO EMERGENCIA MUJER;160201;LORETO;MAYNAS;PUNCHANA;PUNCHANA;URBANO;CEM051;IQUITOS;7;1;6;0;0;0;5;1;4;2;0;2;24;;;;;;;;;;;;;;;;;;;;;
2017;ENE - DIC;31/12/2017;ENT001;PROGRAMA NACIONAL CONTRA LA VIOLENCIA FAMILIAR Y SEXUAL;LIN001;ATENCIÓN DE VÍCTIMAS DE ESTERILIZACIONES FORZADAS;SER001;CENTRO EMERGENCIA MUJER;130501;LA LIBERTAD;JULCAN;JULCAN;JULCAN;URBANO;CEM189;JULCAN;1;0;1;0;0;0;1;0;1;0;0;0;4;;;;;;;;;;;;;;;;;;;;;
2017;ENE - DIC;31/12/2017;ENT001;PROGRAMA NACIONAL CONTRA LA VIOLENCIA FAMILIAR Y SEXUAL;LIN001;ATENCIÓN DE VÍCTIMAS DE ESTERILIZACIONES FORZADAS;SER001;CENTRO EMERGENCIA MUJER;080907;CUSCO;LA CONVENCION;KIMBIRI;KIMBIRI;URBANO;CEM055;KIMBIRI;1;0;1;0;0;0;1;0;1;0;0;0;8;;;;;;;;;;;;;;;;;;;;;
2017;ENE - DIC;31/12/2017;ENT001;PROGRAMA NACIONAL CONTRA LA VIOLENCIA FAMILIAR Y SEXUAL;LIN001;ATENCIÓN DE VÍCTIMAS DE ESTERILIZACIONES FORZADAS;SER001;CENTRO EMERGENCIA MUJER;130105;LA LIBERTAD;TRUJILLO;LA ESPERANZA;LA ESPERANZA;URBANO;CEM056;LA ESPERANZA;30;0;30;0;0;0;29;0;29;1;0;1;609;;;;;;;;;;;;;;;;;;;;;
2017;ENE - DIC;31/12/2017;ENT001;PROGRAMA NACIONAL CONTRA LA VIOLENCIA FAMILIAR Y SEXUAL;LIN001;ATENCIÓN DE VÍCTIMAS DE ESTERILIZACIONES FORZADAS;SER001;CENTRO EMERGENCIA MUJER;220501;SAN MARTÍN;LAMAS;LAMAS;LAMAS;URBANO;CEM125;LAMAS;20;0;20;0;0;0;19;0;19;1;0;1;62;;;;;;;;;;;;;;;;;;;;;
2017;ENE - DIC;31/12/2017;ENT001;PROGRAMA NACIONAL CONTRA LA VIOLENCIA FAMILIAR Y SEXUAL;LIN001;ATENCIÓN DE VÍCTIMAS DE ESTERILIZACIONES FORZADAS;SER001;CENTRO EMERGENCIA MUJER;150101;LIMA METROPOLITANA;LIMA;LIMA;LIMA;URBANO;CEM060;LIMA;22;0;22;0;0;0;22;0;22;0;0;0;1 083;;;;;;;;;;;;;;;;;;;;;
2017;ENE - DIC;31/12/2017;ENT001;PROGRAMA NACIONAL CONTRA LA VIOLENCIA FAMILIAR Y SEXUAL;LIN001;ATENCIÓN DE VÍCTIMAS DE ESTERILIZACIONES FORZADAS;SER001;CENTRO EMERGENCIA MUJER;180101;MOQUEGUA;MARISCAL NIETO;MOQUEGUA;MOQUEGUA;URBANO;CEM067;MOQUEGUA;42;2;40;0;0;0;42;2;40;0;0;0;2 390;;;;;;;;;;;;;;;;;;;;;
2017;ENE - DIC;31/12/2017;ENT001;PROGRAMA NACIONAL CONTRA LA VIOLENCIA FAMILIAR Y SEXUAL;LIN001;ATENCIÓN DE VÍCTIMAS DE ESTERILIZACIONES FORZADAS;SER001;CENTRO EMERGENCIA MUJER;220101;SAN MARTÍN;MOYOBAMBA;MOYOBAMBA;MOYOBAMBA;URBANO;CEM068;MOYOBAMBA;2;0;2;0;0;0;2;0;2;0;0;0;4;;;;;;;;;;;;;;;;;;;;;
2017;ENE - DIC;31/12/2017;ENT001;PROGRAMA NACIONAL CONTRA LA VIOLENCIA FAMILIAR Y SEXUAL;LIN001;ATENCIÓN DE VÍCTIMAS DE ESTERILIZACIONES FORZADAS;SER001;CENTRO EMERGENCIA MUJER;130601;LA LIBERTAD;OTUZCO;OTUZCO;OTUZCO;URBANO;CEM072;OTUZCO;11;1;10;0;0;0;11;1;10;0;0;0;928;;;;;;;;;;;;;;;;;;;;;
2017;ENE - DIC;31/12/2017;ENT001;PROGRAMA NACIONAL CONTRA LA VIOLENCIA FAMILIAR Y SEXUAL;LIN001;ATENCIÓN DE VÍCTIMAS DE ESTERILIZACIONES FORZADAS;SER001;CENTRO EMERGENCIA MUJER;120606;JUNÍN;SATIPO;PANGOA;SAN MARTIN DE PANGOA;URBANO;CEM171;PANGOA;13;0;13;0;0;0;13;0;13;0;0;0;73;;;;;;;;;;;;;;;;;;;;;
2017;ENE - DIC;31/12/2017;ENT001;PROGRAMA NACIONAL CONTRA LA VIOLENCIA FAMILIAR Y SEXUAL;LIN001;ATENCIÓN DE VÍCTIMAS DE ESTERILIZACIONES FORZADAS;SER001;CENTRO EMERGENCIA MUJER;081101;CUSCO;PAUCARTAMBO;PAUCARTAMBO;PAUCARTAMBO;URBANO;CEM181;PAUCARTAMBO;48;6;42;0;0;0;44;5;39;4;1;3;1 044;;;;;;;;;;;;;;;;;;;;;
2017;ENE - DIC;31/12/2017;ENT001;PROGRAMA NACIONAL CONTRA LA VIOLENCIA FAMILIAR Y SEXUAL;LIN001;ATENCIÓN DE VÍCTIMAS DE ESTERILIZACIONES FORZADAS;SER001;CENTRO EMERGENCIA MUJER;120303;JUNÍN;CHANCHAMAYO;PICHANAQUI;BAJO PICHANAQUI;URBANO;CEM235;PICHANAQUI;2;0;2;0;0;0;2;0;2;0;0;0;12;;;;;;;;;;;;;;;;;;;;;
2017;ENE - DIC;31/12/2017;ENT001;PROGRAMA NACIONAL CONTRA LA VIOLENCIA FAMILIAR Y SEXUAL;LIN001;ATENCIÓN DE VÍCTIMAS DE ESTERILIZACIONES FORZADAS;SER001;CENTRO EMERGENCIA MUJER;220701;SAN MARTÍN;PICOTA;PICOTA;PICOTA;URBANO;CEM182;PICOTA;85;2;83;0;0;0;71;0;71;14;2;12;993;;;;;;;;;;;;;;;;;;;;;
2017;ENE - DIC;31/12/2017;ENT001;PROGRAMA NACIONAL CONTRA LA VIOLENCIA FAMILIAR Y SEXUAL;LIN001;ATENCIÓN DE VÍCTIMAS DE ESTERILIZACIONES FORZADAS;SER001;CENTRO EMERGENCIA MUJER;200104;PIURA;PIURA;CASTILLA;CASTILLA;URBANO;CEM082;PIURA;29;0;29;0;0;0;29;0;29;0;0;0;615;;;;;;;;;;;;;;;;;;;;;
2017;ENE - DIC;31/12/2017;ENT001;PROGRAMA NACIONAL CONTRA LA VIOLENCIA FAMILIAR Y SEXUAL;LIN001;ATENCIÓN DE VÍCTIMAS DE ESTERILIZACIONES FORZADAS;SER001;CENTRO EMERGENCIA MUJER;060501;UCAYALI;CORONEL PORTILLO;CALLERIA;CALLERIA;URBANO;CEM083;PUCALLPA;105;0;105;0;0;0;93;0;93;12;0;12;211;;;;;;;;;;;;;;;;;;;;;
2017;ENE - DIC;31/12/2017;ENT001;PROGRAMA NACIONAL CONTRA LA VIOLENCIA FAMILIAR Y SEXUAL;LIN001;ATENCIÓN DE VÍCTIMAS DE ESTERILIZACIONES FORZADAS;SER001;CENTRO EMERGENCIA MUJER;110207;ICA;CHINCHA;PUEBLO NUEVO;PUEBLO NUEVO;URBANO;CEM142;PUEBLO NUEVO;3;0;3;0;0;0;3;0;3;0;0;0;62;;;;;;;;;;;;;;;;;;;;;
2017;ENE - DIC;31/12/2017;ENT001;PROGRAMA NACIONAL CONTRA LA VIOLENCIA FAMILIAR Y SEXUAL;LIN001;ATENCIÓN DE VÍCTIMAS DE ESTERILIZACIONES FORZADAS;SER001;CENTRO EMERGENCIA MUJER;081201;CUSCO;QUISPICANCHI;URCOS;URCOS;URBANO;CEM127;QUISPICANCHI;54;7;47;0;0;0;51;6;45;3;1;2;1 311;;;;;;;;;;;;;;;;;;;;;
2017;ENE - DIC;31/12/2017;ENT001;PROGRAMA NACIONAL CONTRA LA VIOLENCIA FAMILIAR Y SEXUAL;LIN001;ATENCIÓN DE VÍCTIMAS DE ESTERILIZACIONES FORZADAS;SER001;CENTRO EMERGENCIA MUJER;220801;SAN MARTÍN;RIOJA;RIOJA;RIOJA;URBANO;CEM086;RIOJA;72;0;72;0;0;0;69;0;69;3;0;3;1 033;;;;;;;;;;;;;;;;;;;;;
2017;ENE - DIC;31/12/2017;ENT001;PROGRAMA NACIONAL CONTRA LA VIOLENCIA FAMILIAR Y SEXUAL;LIN001;ATENCIÓN DE VÍCTIMAS DE ESTERILIZACIONES FORZADAS;SER001;CENTRO EMERGENCIA MUJER;150133;LIMA METROPOLITANA;LIMA;SAN JUAN DE MIRAFLORES;CIUDAD DE DIOS;URBANO;CEM076;SAN JUAN DE MIRAFLORES;26;2;24;0;0;0;25;1;24;1;1;0;953;;;;;;;;;;;;;;;;;;;;;
2017;ENE - DIC;31/12/2017;ENT001;PROGRAMA NACIONAL CONTRA LA VIOLENCIA FAMILIAR Y SEXUAL;LIN001;ATENCIÓN DE VÍCTIMAS DE ESTERILIZACIONES FORZADAS;SER001;CENTRO EMERGENCIA MUJER;080105;CUSCO;CUSCO;SAN SEBASTIAN;SAN SEBASTIAN;URBANO;CEM237;SAN SEBASTIAN;66;1;65;0;0;0;63;1;62;3;0;3;500;;;;;;;;;;;;;;;;;;;;;
2017;ENE - DIC;31/12/2017;ENT001;PROGRAMA NACIONAL CONTRA LA VIOLENCIA FAMILIAR Y SEXUAL;LIN001;ATENCIÓN DE VÍCTIMAS DE ESTERILIZACIONES FORZADAS;SER001;CENTRO EMERGENCIA MUJER;131001;LA LIBERTAD;SANTIAGO DE CHUCO;SANTIAGO DE CHUCO;SANTIAGO DE CHUCO;URBANO;CEM090;SANTIAGO DE CHUCO;5;0;5;0;0;0;4;0;4;1;0;1;581;;;;;;;;;;;;;;;;;;;;;
2017;ENE - DIC;31/12/2017;ENT001;PROGRAMA NACIONAL CONTRA LA VIOLENCIA FAMILIAR Y SEXUAL;LIN001;ATENCIÓN DE VÍCTIMAS DE ESTERILIZACIONES FORZADAS;SER001;CENTRO EMERGENCIA MUJER;120601;JUNÍN;SATIPO;SATIPO;SATIPO;URBANO;CEM091;SATIPO;2;0;2;0;0;0;2;0;2;0;0;0;729;;;;;;;;;;;;;;;;;;;;;
2017;ENE - DIC;31/12/2017;ENT001;PROGRAMA NACIONAL CONTRA LA VIOLENCIA FAMILIAR Y SEXUAL;LIN001;ATENCIÓN DE VÍCTIMAS DE ESTERILIZACIONES FORZADAS;SER001;CENTRO EMERGENCIA MUJER;080601;CUSCO;CANCHIS;SICUANI;SICUANI;URBANO;CEM093;SICUANI;77;1;76;0;0;0;75;1;74;2;0;2;812;;;;;;;;;;;;;;;;;;;;;
2017;ENE - DIC;31/12/2017;ENT001;PROGRAMA NACIONAL CONTRA LA VIOLENCIA FAMILIAR Y SEXUAL;LIN001;ATENCIÓN DE VÍCTIMAS DE ESTERILIZACIONES FORZADAS;SER001;CENTRO EMERGENCIA MUJER;050901;AYACUCHO;SUCRE;QUEROBAMBA;QUEROBAMBA;URBANO;CEM094;SUCRE;2;0;2;0;0;0;2;0;2;0;0;0;81;;;;;;;;;;;;;;;;;;;;;
2017;ENE - DIC;31/12/2017;ENT001;PROGRAMA NACIONAL CONTRA LA VIOLENCIA FAMILIAR Y SEXUAL;LIN001;ATENCIÓN DE VÍCTIMAS DE ESTERILIZACIONES FORZADAS;SER001;CENTRO EMERGENCIA MUJER;220901;SAN MARTÍN;SAN MARTÍN;TARAPOTO;TARAPOTO;URBANO;CEM099;TARAPOTO;112;1;111;0;0;0;107;1;106;5;0;5;2 991;;;;;;;;;;;;;;;;;;;;;
2017;ENE - DIC;31/12/2017;ENT001;PROGRAMA NACIONAL CONTRA LA VIOLENCIA FAMILIAR Y SEXUAL;LIN001;ATENCIÓN DE VÍCTIMAS DE ESTERILIZACIONES FORZADAS;SER001;CENTRO EMERGENCIA MUJER;120701;JUNÍN;TARMA;TARMA;TARMA;URBANO;CEM100;TARMA;27;4;23;0;0;0;25;3;22;2;1;1;1 680;;;;;;;;;;;;;;;;;;;;;
2017;ENE - DIC;31/12/2017;ENT001;PROGRAMA NACIONAL CONTRA LA VIOLENCIA FAMILIAR Y SEXUAL;LIN001;ATENCIÓN DE VÍCTIMAS DE ESTERILIZACIONES FORZADAS;SER001;CENTRO EMERGENCIA MUJER;090701;HUANCAVELICA;TAYACAJA;PAMPAS;PAMPAS;URBANO;CEM101;TAYACAJA;307;17;290;0;0;0;297;14;283;10;3;7;2 960;;;;;;;;;;;;;;;;;;;;;
2017;ENE - DIC;31/12/2017;ENT001;PROGRAMA NACIONAL CONTRA LA VIOLENCIA FAMILIAR Y SEXUAL;LIN001;ATENCIÓN DE VÍCTIMAS DE ESTERILIZACIONES FORZADAS;SER001;CENTRO EMERGENCIA MUJER;100601;HUÁNUCO;LEONCIO PRADO;RUPA-RUPA;TINGO MARIA;URBANO;CEM102;TINGO MARIA;16;1;15;0;0;0;16;1;15;0;0;0;2 522;;;;;;;;;;;;;;;;;;;;;
2017;ENE - DIC;31/12/2017;ENT001;PROGRAMA NACIONAL CONTRA LA VIOLENCIA FAMILIAR Y SEXUAL;LIN001;ATENCIÓN DE VÍCTIMAS DE ESTERILIZACIONES FORZADAS;SER001;CENTRO EMERGENCIA MUJER;221001;SAN MARTÍN;TOCACHE;TOCACHE;TOCACHE;URBANO;CEM103;TOCACHE;1;0;1;0;0;0;1;0;1;0;0;0;9;;;;;;;;;;;;;;;;;;;;;
2017;ENE - DIC;31/12/2017;ENT001;PROGRAMA NACIONAL CONTRA LA VIOLENCIA FAMILIAR Y SEXUAL;LIN001;ATENCIÓN DE VÍCTIMAS DE ESTERILIZACIONES FORZADAS;SER001;CENTRO EMERGENCIA MUJER;081301;CUSCO;URUBAMBA;URUBAMBA;URUBAMBA;URBANO;CEM153;URUBAMBA;8;0;8;0;0;0;8;0;8;0;0;0;41;;;;;;;;;;;;;;;;;;;;;
2017;ENE - DIC;31/12/2017;ENT001;PROGRAMA NACIONAL CONTRA LA VIOLENCIA FAMILIAR Y SEXUAL;LIN001;ATENCIÓN DE VÍCTIMAS DE ESTERILIZACIONES FORZADAS;SER001;CENTRO EMERGENCIA MUJER;070106;CALLAO;CALLAO;VENTANILLA;VENTANILLA;URBANO;CEM107;VENTANILLA;15;0;15;0;0;0;15;0;15;0;0;0;1 044;;;;;;;;;;;;;;;;;;;;;
2017;ENE - DIC;31/12/2017;ENT001;PROGRAMA NACIONAL CONTRA LA VIOLENCIA FAMILIAR Y SEXUAL;LIN001;ATENCIÓN DE VÍCTIMAS DE ESTERILIZACIONES FORZADAS;SER001;CENTRO EMERGENCIA MUJER;051101;AYACUCHO;VILCAS HUAMAN;VILCAS HUAMAN;VILCAS HUAMAN;URBANO;CEM108;VILCAS HUAMAN;24;1;23;0;0;0;22;0;22;2;1;1;5 352;;;;;;;;;;;;;;;;;;;;;
2017;ENE - DIC;31/12/2017;ENT001;PROGRAMA NACIONAL CONTRA LA VIOLENCIA FAMILIAR Y SEXUAL;LIN001;ATENCIÓN DE VÍCTIMAS DE ESTERILIZACIONES FORZADAS;SER001;CENTRO EMERGENCIA MUJER;150132;LIMA METROPOLITANA;LIMA;SAN JUAN DE LURIGANCHO;SAN JUAN DE LURIGANCHO;URBANO;CEM236;ZARATE;36;2;34;0;0;0;32;1;31;4;1;3;637;;;;;;;;;;;;;;;;;;;;;
2018;ENE - DIC;31/12/2018;ENT001;PROGRAMA NACIONAL CONTRA LA VIOLENCIA FAMILIAR Y SEXUAL;LIN001;ATENCIÓN DE VÍCTIMAS DE ESTERILIZACIONES FORZADAS;SER001;CENTRO EMERGENCIA MUJER;030101;APURIMAC;ABANCAY;ABANCAY;ABANCAY;URBANO;CEM001;ABANCAY;22;0;22;0;0;0;20;0;20;2;0;2;161;;;;;;;;;;;;;;;;;;;;;
2018;ENE - DIC;31/12/2018;ENT001;PROGRAMA NACIONAL CONTRA LA VIOLENCIA FAMILIAR Y SEXUAL;LIN001;ATENCIÓN DE VÍCTIMAS DE ESTERILIZACIONES FORZADAS;SER001;CENTRO EMERGENCIA MUJER;220201;SAN MARTIN;BELLAVISTA;BELLAVISTA;BELLAVISTA;URBANO;CEM167;BELLAVISTA - SAN MARTIN;6;0;6;0;0;0;6;0;6;0;0;0;149;;;;;;;;;;;;;;;;;;;;;
2018;ENE - DIC;31/12/2018;ENT001;PROGRAMA NACIONAL CONTRA LA VIOLENCIA FAMILIAR Y SEXUAL;LIN001;ATENCIÓN DE VÍCTIMAS DE ESTERILIZACIONES FORZADAS;SER001;CENTRO EMERGENCIA MUJER;020601;ANCASH;CARHUAZ;CARHUAZ;CARHUAZ;URBANO;CEM163;CARHUAZ;21;0;21;0;0;0;19;0;19;2;0;2;120;;;;;;;;;;;;;;;;;;;;;
2018;ENE - DIC;31/12/2018;ENT001;PROGRAMA NACIONAL CONTRA LA VIOLENCIA FAMILIAR Y SEXUAL;LIN001;ATENCIÓN DE VÍCTIMAS DE ESTERILIZACIONES FORZADAS;SER001;CENTRO EMERGENCIA MUJER;090501;HUANCAVELICA;CHURCAMPA;CHURCAMPA;CHURCAMPA;URBANO;CEM028;CHURCAMPA;1;0;1;0;0;0;1;0;1;0;0;0;5;;;;;;;;;;;;;;;;;;;;;
2018;ENE - DIC;31/12/2018;ENT001;PROGRAMA NACIONAL CONTRA LA VIOLENCIA FAMILIAR Y SEXUAL;LIN001;ATENCIÓN DE VÍCTIMAS DE ESTERILIZACIONES FORZADAS;SER001;CENTRO EMERGENCIA MUJER;120201;JUNIN;CONCEPCIÓN;CONCEPCIÓN;CONCEPCIÓN;URBANO;CEM030;CONCEPCION;0;0;0;0;0;0;0;0;0;0;0;0;2;;;;;;;;;;;;;;;;;;;;;
2018;ENE - DIC;31/12/2018;ENT001;PROGRAMA NACIONAL CONTRA LA VIOLENCIA FAMILIAR Y SEXUAL;LIN001;ATENCIÓN DE VÍCTIMAS DE ESTERILIZACIONES FORZADAS;SER001;CENTRO EMERGENCIA MUJER;220301;SAN MARTIN;EL DORADO;SAN JOSE DE SISA;SAN JOSE DE SISA;URBANO;CEM190;EL DORADO;4;0;4;0;0;0;4;0;4;0;0;0;14;;;;;;;;;;;;;;;;;;;;;
2018;ENE - DIC;31/12/2018;ENT001;PROGRAMA NACIONAL CONTRA LA VIOLENCIA FAMILIAR Y SEXUAL;LIN001;ATENCIÓN DE VÍCTIMAS DE ESTERILIZACIONES FORZADAS;SER001;CENTRO EMERGENCIA MUJER;220401;SAN MARTIN;HUALLAGA;SAPOSOA;SAPOSOA;URBANO;CEM202;HUALLAGA;0;0;0;0;0;0;0;0;0;0;0;0;1;;;;;;;;;;;;;;;;;;;;;
2018;ENE - DIC;31/12/2018;ENT001;PROGRAMA NACIONAL CONTRA LA VIOLENCIA FAMILIAR Y SEXUAL;LIN001;ATENCIÓN DE VÍCTIMAS DE ESTERILIZACIONES FORZADAS;SER001;CENTRO EMERGENCIA MUJER;090101;HUANCAVELICA;HUANCAVELICA;HUANCAVELICA;HUANCAVELICA;URBANO;CEM038;HUANCAVELICA;1;0;1;0;0;0;1;0;1;0;0;0;6;;;;;;;;;;;;;;;;;;;;;
2018;ENE - DIC;31/12/2018;ENT001;PROGRAMA NACIONAL CONTRA LA VIOLENCIA FAMILIAR Y SEXUAL;LIN001;ATENCIÓN DE VÍCTIMAS DE ESTERILIZACIONES FORZADAS;SER001;CENTRO EMERGENCIA MUJER;081001;CUSCO;PARURO;PARURO;PARURO;URBANO;CEM230;PARURO;18;2;16;0;0;0;15;1;14;3;1;2;208;;;;;;;;;;;;;;;;;;;;;
2018;ENE - DIC;31/12/2018;ENT001;PROGRAMA NACIONAL CONTRA LA VIOLENCIA FAMILIAR Y SEXUAL;LIN001;ATENCIÓN DE VÍCTIMAS DE ESTERILIZACIONES FORZADAS;SER001;CENTRO EMERGENCIA MUJER;081101;CUSCO;PAUCARTAMBO;PAUCARTAMBO;PAUCARTAMBO;URBANO;CEM181;PAUCARTAMBO;0;0;0;0;0;0;0;0;0;0;0;0;15;;;;;;;;;;;;;;;;;;;;;
2018;ENE - DIC;31/12/2018;ENT001;PROGRAMA NACIONAL CONTRA LA VIOLENCIA FAMILIAR Y SEXUAL;LIN001;ATENCIÓN DE VÍCTIMAS DE ESTERILIZACIONES FORZADAS;SER001;CENTRO EMERGENCIA MUJER;220701;SAN MARTIN;PICOTA;PICOTA;PICOTA;URBANO;CEM182;PICOTA;0;0;0;0;0;0;0;0;0;0;0;0;1;;;;;;;;;;;;;;;;;;;;;
2018;ENE - DIC;31/12/2018;ENT001;PROGRAMA NACIONAL CONTRA LA VIOLENCIA FAMILIAR Y SEXUAL;LIN001;ATENCIÓN DE VÍCTIMAS DE ESTERILIZACIONES FORZADAS;SER001;CENTRO EMERGENCIA MUJER;250101;UCAYALI;CORONEL PORTILLO;CALLERIA;PUCALLPA;URBANO;CEM083;PUCALLPA;1;0;1;0;0;0;1;0;1;0;0;0;15;;;;;;;;;;;;;;;;;;;;;
2018;ENE - DIC;31/12/2018;ENT001;PROGRAMA NACIONAL CONTRA LA VIOLENCIA FAMILIAR Y SEXUAL;LIN001;ATENCIÓN DE VÍCTIMAS DE ESTERILIZACIONES FORZADAS;SER001;CENTRO EMERGENCIA MUJER;110207;ICA;CHINCHA;PUEBLO NUEVO;PUEBLO NUEVO;URBANO;CEM142;PUEBLO NUEVO;0;0;0;0;0;0;0;0;0;0;0;0;12;;;;;;;;;;;;;;;;;;;;;
2018;ENE - DIC;31/12/2018;ENT001;PROGRAMA NACIONAL CONTRA LA VIOLENCIA FAMILIAR Y SEXUAL;LIN001;ATENCIÓN DE VÍCTIMAS DE ESTERILIZACIONES FORZADAS;SER001;CENTRO EMERGENCIA MUJER;080105;CUSCO;CUSCO;SAN SEBASTIAN;SAN SEBASTIAN;URBANO;CEM237;SAN SEBASTIAN;4;1;3;0;0;0;4;1;3;0;0;0;24;;;;;;;;;;;;;;;;;;;;;
2018;ENE - DIC;31/12/2018;ENT001;PROGRAMA NACIONAL CONTRA LA VIOLENCIA FAMILIAR Y SEXUAL;LIN001;ATENCIÓN DE VÍCTIMAS DE ESTERILIZACIONES FORZADAS;SER001;CENTRO EMERGENCIA MUJER;120601;JUNIN;SATIPO;SATIPO;SATIPO;URBANO;CEM091;SATIPO;0;0;0;0;0;0;0;0;0;0;0;0;2;;;;;;;;;;;;;;;;;;;;;
2018;ENE - DIC;31/12/2018;ENT001;PROGRAMA NACIONAL CONTRA LA VIOLENCIA FAMILIAR Y SEXUAL;LIN001;ATENCIÓN DE VÍCTIMAS DE ESTERILIZACIONES FORZADAS;SER001;CENTRO EMERGENCIA MUJER;220901;SAN MARTIN;SAN MARTIN;TARAPOTO;TARAPOTO;URBANO;CEM099;TARAPOTO;13;0;13;0;0;0;12;0;12;1;0;1;94;;;;;;;;;;;;;;;;;;;;;
2018;ENE - DIC;31/12/2018;ENT001;PROGRAMA NACIONAL CONTRA LA VIOLENCIA FAMILIAR Y SEXUAL;LIN001;ATENCIÓN DE VÍCTIMAS DE ESTERILIZACIONES FORZADAS;SER001;CENTRO EMERGENCIA MUJER;090701;HUANCAVELICA;TAYACAJA;PAMPAS;PAMPAS;URBANO;CEM101;TAYACAJA;1;0;1;0;0;0;1;0;1;0;0;0;99;;;;;;;;;;;;;;;;;;;;;
2018;ENE - DIC;31/12/2018;ENT001;PROGRAMA NACIONAL CONTRA LA VIOLENCIA FAMILIAR Y SEXUAL;LIN001;ATENCIÓN DE VÍCTIMAS DE ESTERILIZACIONES FORZADAS;SER001;CENTRO EMERGENCIA MUJER;150716;LIMA PROVINCIA;HUAROCHIRI;SAN ANTONIO;JICAMARCA;URBANO;COM048;COMISARIA JICAMARCA;1;0;1;0;0;0;1;0;1;0;0;0;10;;;;;;;;;;;;;;;;;;;;;
2018;ENE - DIC;31/12/2018;ENT001;PROGRAMA NACIONAL CONTRA LA VIOLENCIA FAMILIAR Y SEXUAL;LIN001;ATENCIÓN DE VÍCTIMAS DE ESTERILIZACIONES FORZADAS;SER001;CENTRO EMERGENCIA MUJER;050401;AYACUCHO;HUANTA;HUANTA;HUANTA;URBANO;CEM040;HUANTA;0;0;0;0;0;0;0;0;0;0;0;0;16;;;;;;;;;;;;;;;;;;;;;
2018;ENE - DIC;31/12/2018;ENT001;PROGRAMA NACIONAL CONTRA LA VIOLENCIA FAMILIAR Y SEXUAL;LIN001;ATENCIÓN DE VÍCTIMAS DE ESTERILIZACIONES FORZADAS;SER001;CENTRO EMERGENCIA MUJER;080104;CUSCO;CUSCO;SAN JERONIMO;SAN JERONIMO;URBANO;CEM244;SAN JERONIMO;1;0;1;0;0;0;0;0;0;1;0;1;7;;;;;;;;;;;;;;;;;;;;;
2019;ENE - DIC;14/1/2020;ENT001;PROGRAMA NACIONAL CONTRA LA VIOLENCIA FAMILIAR Y SEXUAL;LIN001;ATENCIÓN DE VÍCTIMAS DE ESTERILIZACIONES FORZADAS;SER001;CENTRO EMERGENCIA MUJER;030101;APURIMAC;ABANCAY;ABANCAY;ABANCAY;URBANO;CEM001;ABANCAY;5;0;5;0;0;0;4;0;4;1;0;1;19;;;;;;;;;;;;;;;;;;;;;
2019;ENE - DIC;14/1/2020;ENT001;PROGRAMA NACIONAL CONTRA LA VIOLENCIA FAMILIAR Y SEXUAL;LIN001;ATENCIÓN DE VÍCTIMAS DE ESTERILIZACIONES FORZADAS;SER001;CENTRO EMERGENCIA MUJER;090301;HUANCAVELICA;ANGARAES;LIRCAY;LIRCAY;URBANO;CEM135;ANGARAES;1;0;1;0;0;0;1;0;1;0;0;0;4;;;;;;;;;;;;;;;;;;;;;
2019;ENE - DIC;14/1/2020;ENT001;PROGRAMA NACIONAL CONTRA LA VIOLENCIA FAMILIAR Y SEXUAL;LIN001;ATENCIÓN DE VÍCTIMAS DE ESTERILIZACIONES FORZADAS;SER001;CENTRO EMERGENCIA MUJER;120201;JUNIN;CONCEPCIÓN;CONCEPCIÓN;CONCEPCIÓN;URBANO;CEM030;CONCEPCION;0;0;0;0;0;0;0;0;0;0;0;0;1;;;;;;;;;;;;;;;;;;;;;
2019;ENE - DIC;14/1/2020;ENT001;PROGRAMA NACIONAL CONTRA LA VIOLENCIA FAMILIAR Y SEXUAL;LIN001;ATENCIÓN DE VÍCTIMAS DE ESTERILIZACIONES FORZADAS;SER001;CENTRO EMERGENCIA MUJER;220301;SAN MARTIN;EL DORADO;SAN JOSE DE SISA;SAN JOSE DE SISA;URBANO;CEM190;EL DORADO;1;0;1;0;0;0;1;0;1;0;0;0;6;;;;;;;;;;;;;;;;;;;;;
2019;ENE - DIC;14/1/2020;ENT001;PROGRAMA NACIONAL CONTRA LA VIOLENCIA FAMILIAR Y SEXUAL;LIN001;ATENCIÓN DE VÍCTIMAS DE ESTERILIZACIONES FORZADAS;SER001;CENTRO EMERGENCIA MUJER;150103;LIMA METROPOLITANA;LIMA;ATE;HUAYCAN;URBANO;CEM045;HUAYCAN;1;0;1;0;0;0;1;0;1;0;0;0;7;;;;;;;;;;;;;;;;;;;;;
2019;ENE - DIC;14/1/2020;ENT001;PROGRAMA NACIONAL CONTRA LA VIOLENCIA FAMILIAR Y SEXUAL;LIN001;ATENCIÓN DE VÍCTIMAS DE ESTERILIZACIONES FORZADAS;SER001;CENTRO EMERGENCIA MUJER;220701;SAN MARTIN;PICOTA;PICOTA;PICOTA;URBANO;CEM182;PICOTA;2;0;2;0;0;0;2;0;2;0;0;0;32;;;;;;;;;;;;;;;;;;;;;
2019;ENE - DIC;14/1/2020;ENT001;PROGRAMA NACIONAL CONTRA LA VIOLENCIA FAMILIAR Y SEXUAL;LIN001;ATENCIÓN DE VÍCTIMAS DE ESTERILIZACIONES FORZADAS;SER001;CENTRO EMERGENCIA MUJER;220901;SAN MARTIN;SAN MARTIN;TARAPOTO;TARAPOTO;URBANO;CEM099;TARAPOTO;17;0;17;0;0;0;14;0;14;3;0;3;107;;;;;;;;;;;;;;;;;;;;;
2019;ENE - DIC;14/1/2020;ENT001;PROGRAMA NACIONAL CONTRA LA VIOLENCIA FAMILIAR Y SEXUAL;LIN001;ATENCIÓN DE VÍCTIMAS DE ESTERILIZACIONES FORZADAS;SER001;CENTRO EMERGENCIA MUJER;090701;HUANCAVELICA;TAYACAJA;PAMPAS;PAMPAS;URBANO;CEM101;TAYACAJA;0;0;0;0;0;0;0;0;0;0;0;0;27;;;;;;;;;;;;;;;;;;;;;
2020;ENE - DIC;15/1/2021;ENT001;PROGRAMA NACIONAL CONTRA LA VIOLENCIA FAMILIAR Y SEXUAL;LIN001;ATENCIÓN DE VÍCTIMAS DE ESTERILIZACIONES FORZADAS;SER001;CENTRO EMERGENCIA MUJER;220701;SAN MARTIN;PICOTA;PICOTA;PICOTA;URBANO;CEM182;PICOTA;3;0;3;0;0;0;2;0;2;1;0;1;9;;;;;;;;;;;;;;;;;;;;;
2020;ENE - DIC;15/1/2021;ENT001;PROGRAMA NACIONAL CONTRA LA VIOLENCIA FAMILIAR Y SEXUAL;LIN001;ATENCIÓN DE VÍCTIMAS DE ESTERILIZACIONES FORZADAS;SER001;CENTRO EMERGENCIA MUJER;220901;SAN MARTIN;SAN MARTIN;TARAPOTO;TARAPOTO;URBANO;CEM099;TARAPOTO;0;0;0;0;0;0;0;0;0;0;0;0;10;;;;;;;;;;;;;;;;;;;;;
